{"cameraMode":{"drawMode":0,"name":"Shaded","section":"Shading Mode"},"sceneLighting":true,"audioPlay":false,"sceneViewState":{"showFog":true,"showMaterialUpdate":false,"showSkybox":true,"showFlares":true,"showImageEffects":true,"showParticleSystems":true},"in2DMode":false,"pivot":{"x":-0.6827865242958069,"y":3.2119367122650148,"z":2.001138210296631},"rotation":{"x":-0.04825372248888016,"y":0.9517444372177124,"z":-0.21464043855667115,"w":-0.21402952075004579},"size":3.9992892742156984,"orthographic":false}